image,label
22016,2
4932,6
69011,3
69140,1
42889,3
8020,4
47296,6
41288,2
15841,1
34313,2
14859,0
45910,3
4228,7
91593,6
3325,5
72103,7
72021,4
47944,1
10536,2
91395,3
13558,1
2654,6
42676,2
91892,1
93060,1
71607,1
73107,7
85219,0
19343,0
20870,2
21649,1
99248,6
30420,2
16249,2
38132,1
50,4
87570,0
22481,0
24680,6
13176,4
17361,6
25632,1
45416,4
30959,5
2004,7
33268,2
19590,1
20131,0
14765,5
81056,1
33139,3
86859,3
95741,2
26360,3
33612,2
20083,3
49706,1
84964,3
67930,7
20085,2
7234,7
29774,3
42697,4
40497,6
23056,3
18190,0
66639,7
14791,6
11363,2
38285,3
36076,6
90038,7
709,2
35316,4
49816,6
39213,5
1148,2
42295,3
10723,1
68915,7
67351,4
35328,6
29161,0
84804,6
6451,6
40835,4
12631,3
76289,5
36200,7
72235,3
18025,0
85773,0
1297,1
18001,3
16287,0
64696,5
35081,6
19884,4
77536,2
39314,5
33156,5
11196,2
16699,2
20242,1
12800,2
61237,4
77505,2
8705,2
396,7
44622,1
20231,6
15737,5
87835,4
11978,0
43151,5
38257,4
9649,1
26789,3
4336,5
23206,5
43762,3
5831,6
48255,0
21908,2
2813,6
2778,5
27931,6
33800,1
47403,3
30215,4
8961,3
31737,5
35337,2
70572,6
39623,7
97960,3
25179,3
44762,7
96800,0
49649,6
44120,6
22296,4
31158,2
17181,3
35443,4
66190,7
85624,6
37589,6
42762,1
66150,3
87708,1
32024,5
97325,7
12569,7
14641,6
18876,5
27507,0
84776,5
21050,3
1113,6
11736,4
45865,7
41041,4
21931,4
10196,2
79495,4
3415,0
42912,0
12542,6
12634,4
5285,3
86118,4
37413,4
22135,2
33536,4
93043,4
33189,5
13300,3
73304,2
49175,4
47927,5
32063,3
3665,4
8,3
66899,5
49247,1
94091,3
45259,0
82496,1
99684,1
89051,6
1659,4
86614,4
98795,5
26669,1
34911,6
14872,4
47388,3
41279,4
30336,6
48767,5
88749,6
79,1
34094,3
40076,3
15078,1
7437,5
23545,3
49675,5
43917,4
46398,4
69598,0
48854,5
31118,5
2276,6
45749,6
39075,2
26539,0
9478,6
20067,3
94939,2
63593,0
4616,0
96172,2
43270,4
16824,2
23535,1
4528,5
42917,6
38071,2
14010,1
38343,1
4919,2
88017,4
8353,5
98646,4
4898,4
18971,0
95494,3
19739,4
48013,2
17490,6
69254,7
1594,4
77854,3
79144,1
9740,2
17408,6
66996,5
74978,4
21249,1
14089,0
83284,4
95,0
30076,2
22570,1
45786,1
66458,1
47121,0
49382,4
31716,2
7641,7
6685,3
35321,3
68661,5
89363,6
10230,3
48191,3
2066,2
8969,4
33442,3
91049,3
16033,5
19695,1
45067,6
63066,2
88790,5
78249,6
29237,5
34727,0
3009,6
73608,5
23774,0
44194,4
88224,0
49045,5
28680,2
26217,2
35103,4
67640,7
7896,2
71228,6
68776,1
66672,6
20260,0
23498,6
64809,0
28645,2
92683,4
9602,0
17461,0
3500,1
1301,0
43732,4
91990,4
23796,2
67016,1
38853,4
13060,6
78744,0
11352,4
89482,6
28869,6
16992,7
14991,0
41834,2
19663,0
42179,5
26581,3
29388,4
2137,0
74442,1
13021,6
40026,6
13745,7
17286,7
12134,2
264,4
28142,4
48973,6
49894,1
45531,0
26203,2
12231,5
92491,1
93947,3
11523,3
47732,1
79398,3
11668,3
49835,2
10178,2
33644,4
10662,7
90608,6
7858,5
44142,5
48693,0
30495,2
44696,4
88405,2
35196,6
40957,2
2571,6
86693,6
31751,2
85335,3
1653,5
5386,0
47872,2
14819,3
66582,1
23095,7
47126,6
7996,5
36471,5
86345,5
64560,5
46319,3
37224,5
27015,0
88672,3
6892,5
1597,0
45884,2
906,2
5686,0
36002,2
91383,1
36414,1
23477,5
81080,4
33745,1
99377,4
3230,3
22207,2
72997,6
5479,1
92023,6
33736,4
42376,6
19063,5
31058,2
7138,6
82755,4
23066,3
31096,0
10001,2
60041,0
73141,2
5618,4
33712,6
28418,7
73703,2
25934,3
66596,4
35824,4
72973,4
94844,3
78625,0
5432,6
89880,6
66985,2
49969,6
33975,6
48394,6
62529,5
34354,5
76044,2
36544,2
27997,5
82616,1
31133,5
44654,5
49344,4
22374,1
99308,5
43566,5
34236,4
30500,5
32315,2
73986,6
21256,6
30987,2
15094,0
22213,6
7612,4
4136,2
95510,5
73229,0
6535,4
72854,6
15629,3
66794,7
42353,1
83774,0
47046,3
4914,0
29730,7
34472,3
64967,7
49715,5
16550,6
15785,2
25963,0
32711,1
15675,1
23685,3
32172,6
1714,5
39729,0
40271,1
48179,6
85184,0
27018,4
22552,5
5583,5
44745,2
29937,3
29691,1
30095,0
27268,4
26228,6
32476,2
73317,4
63770,5
33565,2
61902,7
24931,2
31151,4
75549,2
14324,4
77243,7
28551,7
45577,4
87888,0
93510,1
17901,5
78674,7
2687,3
18975,7
79328,1
15835,5
63317,7
43392,7
87354,4
48171,6
14131,0
39091,0
25136,2
18718,6
4437,3
5137,3
11874,3
16791,2
18498,0
29446,5
3662,4
76909,4
14035,6
86676,1
74821,4
30157,1
40475,4
65302,2
47635,0
68111,5
24966,5
85716,1
82183,0
49311,5
49550,4
48231,1
22009,1
35488,4
9195,2
25762,4
14721,3
10716,2
37719,5
39462,1
82457,2
2730,2
11556,2
39550,0
38803,7
32084,4
33444,7
93127,2
80123,3
37339,5
92881,2
85143,7
29095,1
93906,0
12366,4
13579,6
78919,2
82029,4
17322,0
20868,6
92002,4
33523,3
99214,1
38568,6
31391,3
62052,0
35490,3
47228,3
22982,4
12866,4
34595,7
48877,5
30794,0
30967,1
63270,7
73690,4
48903,4
393,6
13111,5
38980,4
81828,2
62993,4
17494,6
40995,7
48822,1
37185,5
9875,4
47864,7
11508,4
9830,6
3573,0
27883,2
77159,3
77717,7
69815,2
18555,5
21762,0
36232,0
11049,1
41970,2
6187,1
11925,6
22029,6
99321,5
26029,4
68633,5
96872,3
7529,2
12863,3
12480,0
21257,2
6335,2
83186,1
64319,0
32523,5
24264,1
46137,0
84963,3
12701,7
27551,3
99504,2
161,2
66132,6
28928,1
9802,7
1158,1
29181,7
64434,0
92806,2
81340,1
44165,5
45045,6
36400,6
5214,6
43169,3
31030,1
14159,2
93339,0
85623,1
23801,0
91232,1
89467,1
29001,5
30596,6
97109,0
10710,3
18761,6
13678,5
66045,6
73146,3
22003,1
34225,0
73106,4
555,6
2296,6
5874,6
99842,6
10133,6
17435,3
12277,2
75221,2
7639,5
23149,4
94515,4
28292,4
80074,6
4090,0
18959,6
68514,0
33590,5
41849,6
29558,4
74238,4
13771,4
72589,2
76047,7
18659,2
24320,1
96442,2
33158,3
28223,5
65056,1
82790,2
91141,7
94552,5
83391,1
91513,6
81258,3
24511,6
8758,5
82512,6
48647,6
96898,6
64051,6
42039,0
1948,1
69725,2
88517,1
28310,0
44647,1
30537,1
24089,1
47974,7
46314,7
79170,7
20812,6
26157,4
22641,3
38875,1
31659,5
13121,5
62840,6
83216,0
11835,5
6320,2
42464,7
39196,2
43484,1
11621,4
46328,1
5543,1
44218,2
66291,2
31472,3
99196,5
32411,4
15825,0
25972,0
65149,1
96250,7
8973,1
62043,7
45970,5
12198,4
38124,5
20268,2
46620,2
32090,5
99595,5
74923,7
46090,2
10143,5
2059,1
12727,6
11816,4
5249,0
9655,2
11415,3
24934,0
9287,6
18855,0
63373,2
73691,2
47986,0
11370,2
9922,6
20829,1
5397,1
94322,6
74678,7
32267,3
34706,3
43718,1
92457,1
16592,5
63126,5
38136,5
60168,2
24582,6
85916,7
42984,7
13828,3
86361,0
72255,6
24756,3
29419,6
1469,3
22675,7
49157,5
11354,4
25001,6
22853,4
12640,2
20967,4
8936,3
29731,2
1606,1
47704,5
47190,0
45485,1
35477,1
49571,2
41012,7
65985,0
34083,7
35513,5
26150,5
49501,6
67685,6
18243,3
88949,0
23949,6
10871,4
9788,1
38370,7
64305,4
23475,1
33504,1
66731,2
1903,6
77673,4
20568,3
93215,7
44798,2
71393,0
3133,2
68440,7
7727,4
14720,6
30147,6
810,1
36872,5
36372,6
84609,4
26601,0
9366,7
33989,3
71456,3
20346,5
88523,5
12100,5
79121,3
45782,3
13358,3
29587,5
35893,1
14636,7
38064,0
25479,7
29552,3
91600,1
32030,4
28976,4
49158,3
38155,6
90506,2
6931,1
41443,2
40209,0
46210,5
22472,3
87766,5
1797,1
37654,1
41354,5
69495,4
3221,3
23567,2
28678,5
16229,5
21242,4
43246,2
2448,1
39548,5
33171,0
27039,3
14337,2
87455,2
42857,3
25444,6
81698,0
12076,5
22535,5
16700,7
80269,6
40786,0
18486,5
24313,3
79638,3
16158,0
10908,0
17613,3
13213,6
31284,1
65552,3
72263,2
94178,5
70093,0
98679,0
34887,1
96343,3
97116,1
1746,0
76831,3
858,2
20154,3
48823,0
38825,4
67593,3
76805,7
8464,6
64432,0
77146,3
30427,2
77204,3
24425,5
7415,0
16063,7
42488,2
26143,4
31046,3
74264,5
15484,1
62331,3
23327,6
11480,1
48578,3
10771,1
16931,2
97770,1
18755,0
13719,6
11001,5
36634,7
88422,5
47532,4
75738,7
89317,0
93,6
90980,7
34895,6
24445,3
7231,6
29718,7
39953,4
45848,5
44319,3
84323,6
94375,3
48271,0
21164,1
540,5
14427,5
73717,3
76722,7
69156,7
47490,0
76057,2
43608,5
85495,7
2921,3
85946,7
23428,0
6528,6
39660,3
2486,7
84057,3
68664,4
9134,6
35475,0
30015,2
36860,4
41292,0
29817,5
14902,4
97300,3
18867,3
10839,6
71598,5
20425,5
12213,4
7192,6
67996,0
5687,1
86199,5
88453,5
73159,6
80938,6
32093,0
37720,4
80255,2
528,6
42610,2
68,5
30980,7
96668,2
1988,0
48621,2
67723,3
23406,7
99456,1
44761,5
9044,6
10279,1
62427,2
27877,5
24282,7
6910,4
91401,5
71162,4
10740,0
94461,4
45086,1
12644,6
41452,7
42096,5
12575,5
15373,6
48254,5
9617,6
22404,3
844,5
41471,2
70397,7
70334,4
73932,6
72740,2
591,2
85704,4
5022,2
30768,5
49558,5
72930,4
63669,5
84133,5
30701,5
6587,7
1407,0
31355,1
32528,0
6026,6
81344,6
41413,4
13237,4
12391,5
31719,5
20128,5
65907,1
10114,1
18432,0
67489,3
23797,0
36468,4
93289,6
3771,6
16950,0
23692,5
19909,2
6728,4
34100,1
19081,5
16937,3
85685,6
31977,6
25276,3
73727,1
64252,7
12177,7
3510,0
15364,0
22158,2
33809,4
9690,0
28239,1
6108,4
99906,4
44766,0
75235,0
69796,3
99420,3
61298,0
413,1
19266,7
16814,0
9172,5
20625,5
45640,3
971,5
46597,2
94272,5
33985,2
43429,5
81988,3
7274,7
95792,4
17746,0
31817,3
35463,6
9316,0
12559,3
77812,2
77120,7
19641,1
276,5
3259,5
36762,0
28307,3
25993,4
642,4
24175,3
11253,3
22858,0
45957,6
12240,5
10270,2
64446,3
66748,0
79441,1
75839,1
94009,7
23196,5
45672,5
32430,7
5382,5
48522,0
11044,1
65480,2
82380,0
63582,7
12582,2
79269,5
65769,5
60763,2
45440,4
91364,6
45042,0
29841,2
10697,5
6167,5
27944,0
61950,5
10798,4
71110,6
29651,7
33144,4
23900,7
96649,6
20062,1
23033,2
11701,1
67485,4
87,7
82691,0
6949,4
95316,3
5940,1
80732,6
66443,4
8780,0
74415,2
27218,1
7365,1
5958,2
80980,3
20695,0
49698,3
20312,5
16056,0
37772,2
28349,2
6930,5
63652,6
20507,5
76444,3
32388,2
64031,0
78328,1
39881,0
10232,4
23341,3
495,4
48292,1
14550,7
48943,4
49346,0
46023,3
47468,3
740,3
97103,4
90789,5
71109,5
40457,3
34291,2
5873,6
84747,0
75403,6
48408,5
25448,1
73359,2
94892,7
4411,6
17072,4
93952,6
89544,2
27324,3
76059,5
39979,4
64167,3
17704,6
98376,0
124,5
43456,0
3454,2
91201,6
89248,6
40314,0
61841,1
85621,0
96627,1
5950,2
96944,3
34215,2
77626,4
48418,7
94802,0
67144,0
24358,7
36357,4
9745,0
6749,6
49423,3
42833,4
90428,6
15424,5
60926,5
92352,6
64186,0
37899,6
60140,2
39635,2
35310,3
3214,1
20697,4
3509,6
40559,6
21373,1
47980,5
46441,6
28494,1
73175,2
20608,1
67239,6
66656,6
99361,5
49551,0
32349,5
32151,4
38525,1
283,4
4923,7
33822,2
73476,6
47860,6
47100,5
32559,0
65934,6
64643,1
32089,1
84843,1
12459,4
14913,5
35956,6
9152,5
63208,0
15578,2
44098,6
12253,2
47881,5
39480,2
47263,7
35618,1
23283,4
38306,6
44976,2
9756,7
46386,2
39573,3
73874,5
29899,1
16022,0
20963,6
12066,5
4527,4
99035,4
7710,3
48407,4
32754,3
89776,2
96758,1
81683,1
24144,7
20636,3
33602,0
49608,5
84257,5
22776,2
45291,7
7111,7
91751,7
71975,0
44630,7
29743,6
19903,4
29403,3
88849,3
7329,0
18833,0
47238,5
27940,2
47344,0
78783,5
25275,0
20105,2
4355,7
24254,5
26464,2
26068,6
8637,4
85268,6
75088,4
41030,1
36887,1
81564,6
85974,0
43799,7
36608,5
23561,7
33233,6
41090,6
11543,6
80330,0
36458,2
23008,2
8012,5
20393,5
82668,5
43631,1
84859,2
34644,3
88250,4
40733,2
23541,6
48415,1
78539,4
29737,2
2102,3
93406,4
43412,3
1025,2
21230,1
16444,3
12761,7
93639,6
2635,6
45256,0
3817,1
82643,0
34780,5
6837,3
43342,5
71911,6
10944,6
15409,6
33330,0
97063,4
23912,4
89546,4
5556,4
63246,7
45988,1
69987,2
18595,5
39841,2
25729,0
20827,1
16957,1
34365,0
6973,0
33654,5
87352,5
73018,6
39755,7
89327,0
43724,6
32146,5
34577,1
98468,0
1191,6
22335,4
7062,6
24156,1
28605,6
11728,1
64776,2
46372,4
2674,0
49141,0
88320,1
38505,3
31302,3
17027,5
42766,5
16736,4
15362,4
41507,0
73205,6
30562,0
10785,4
63693,2
8831,3
38439,6
25817,6
34788,5
19724,4
14102,2
28662,0
46569,7
27426,0
2345,5
72174,4
28139,5
35256,0
38371,2
20211,7
43637,2
18114,3
32479,0
24516,4
42519,4
36435,0
3461,2
42483,3
13284,7
60746,4
36257,4
61218,5
71243,2
33294,1
29543,5
80855,2
68325,4
27051,5
70408,3
4382,5
82664,7
44192,3
37357,5
38661,6
45971,0
62810,3
31374,6
71419,0
83381,2
83894,7
74120,2
38150,1
26416,5
42642,6
27912,3
29532,6
26130,6
49250,5
2784,3
94244,4
39020,4
96324,7
113,2
1586,7
60536,5
67061,2
92775,6
40816,3
33941,6
43624,4
14099,2
70027,2
15453,1
78575,7
81412,6
37474,0
39406,1
41465,1
12473,6
22004,1
47659,5
22704,4
18809,1
11852,0
92987,3
39664,6
60634,6
63983,0
3854,0
1596,7
2658,3
8753,6
11033,4
23883,0
36148,1
158,4
72518,2
41686,1
23453,4
85423,0
64472,4
5128,4
45009,6
48276,5
73772,5
17954,7
20302,3
19296,1
27720,1
17596,6
41131,3
27815,3
92376,3
11911,5
40806,2
12757,0
10386,2
46746,4
45279,7
4842,2
61033,1
48019,0
11983,3
26190,4
78155,3
23704,0
66098,1
47916,0
84045,0
26606,6
86453,2
43788,3
61335,3
12857,1
93881,3
17637,2
42545,5
49017,2
14235,7
16425,5
20409,7
18155,6
25509,5
4512,7
34698,2
44963,1
78238,0
74453,6
17600,4
70359,6
99868,2
74707,4
99610,0
10930,1
46360,3
19593,0
28737,7
87646,4
13488,6
42315,1
98022,7
21913,4
84361,5
34645,5
19438,4
1018,2
70782,0
7984,0
19621,4
4603,2
16270,3
80043,2
15646,3
45669,4
60958,7
19126,1
5208,5
34874,4
79233,2
21065,4
61390,1
39265,1
24578,2
70499,4
64825,7
64047,1
87117,7
31404,2
81012,6
28935,2
89385,6
45705,4
14775,2
38473,2
31079,7
38099,2
21236,5
22489,4
73158,0
62280,6
13641,7
66165,7
20670,3
37416,1
96619,5
28902,0
78373,3
65989,7
10287,6
35902,2
76000,7
12468,5
29042,0
44795,3
35523,2
31714,4
37150,5
13423,4
48454,6
7682,4
24064,2
98880,3
15989,0
73843,3
22740,5
63308,7
32907,1
74268,0
28630,6
22479,6
30882,6
2860,1
61180,7
48477,5
35642,3
95676,6
66408,4
33927,3
66268,1
16529,1
48769,0
8644,3
83124,2
45039,2
15207,2
13169,6
19964,4
38303,6
37844,7
22944,4
5025,4
31217,7
20516,0
30836,1
40880,7
18864,1
42602,3
44551,4
10332,4
12883,1
35585,3
18285,3
36583,2
44543,5
27262,4
386,6
25042,0
95126,0
80171,7
36671,1
70698,2
28641,3
25379,0
87296,4
47128,6
19494,1
60755,0
8306,4
66624,7
81900,2
38309,3
9372,6
34583,6
36023,4
44153,6
49635,0
74977,0
18483,5
64218,0
85737,1
27153,3
48839,4
2459,1
98798,1
98728,1
34859,1
84400,3
5640,6
9428,7
32808,4
76399,7
35102,7
22756,6
28336,3
21099,0
10873,2
79274,2
44450,7
2999,0
16557,5
78008,7
793,2
45162,0
99307,2
93652,0
4873,5
36262,6
24835,6
1417,1
67462,4
4805,5
81283,7
37883,5
37616,0
11080,4
60691,0
2887,6
76051,1
11271,2
37648,6
73441,2
20122,0
47808,6
18895,4
6037,3
64720,0
26020,1
15516,3
22176,2
69814,4
16610,2
9362,4
80070,6
37206,4
35947,2
45165,1
24458,4
10804,5
70498,3
40854,2
34664,5
3570,0
8719,4
20927,3
6603,0
77497,5
6678,3
46552,5
48159,1
4159,1
1129,6
83514,5
37976,4
10492,1
38843,2
7947,1
23294,0
18480,7
97327,2
25840,5
20282,4
7598,5
10093,2
99732,4
91467,3
43226,4
22446,4
44209,0
94223,3
82817,1
84533,4
5192,5
24616,5
40894,2
61674,2
43562,3
25156,2
23591,7
27210,5
23609,6
31887,7
10623,2
76736,1
9912,0
78632,1
36801,5
38987,1
969,1
41493,3
35835,2
33939,6
45117,1
5786,0
66397,1
87815,0
84131,0
2351,1
5461,0
44487,1
20680,3
96017,4
11650,4
12452,6
40874,0
19331,7
46945,2
25680,3
96159,5
25248,6
11393,2
10146,0
98912,4
41216,1
20333,4
10294,1
6515,4
40858,4
14882,1
4883,5
9615,6
378,7
2188,3
24716,4
60222,7
45797,4
27230,0
23334,2
11031,7
38890,6
33599,4
14438,2
69541,7
26078,0
27179,7
7899,5
37274,1
47179,6
36057,5
99173,4
61079,4
29531,7
40616,2
68554,0
85698,7
34306,1
42499,6
98623,4
28138,3
14231,1
44808,0
27742,5
1133,2
96845,0
43573,3
39261,1
12123,0
63722,4
47628,4
77857,7
6580,7
9230,4
21007,7
33875,7
75594,3
7880,6
66625,3
5523,1
74203,3
42801,3
90757,6
80771,7
45006,0
34043,5
2089,6
1098,2
972,4
6730,1
30321,3
40438,6
39450,7
8875,0
37441,6
1686,4
39584,6
72209,1
28695,5
4478,3
15299,4
1647,4
18367,0
62217,7
28474,7
9138,4
6617,0
11562,2
71262,7
60929,1
77262,2
94267,5
72273,3
40737,1
27999,2
46833,1
32557,5
20826,0
20720,7
84946,4
68538,0
7645,0
12980,6
77609,4
64602,4
46723,1
61727,3
8971,3
5817,4
74349,1
83650,4
15418,2
24953,4
48942,5
44800,0
70506,4
81649,3
18835,3
98016,7
19736,7
37264,5
44417,1
89790,1
38070,1
38500,6
47836,6
42208,0
45766,7
14646,3
34926,5
1102,4
70570,2
25011,4
97149,1
15006,7
32193,1
32339,3
45881,3
33534,0
44702,4
14111,5
962,2
8128,1
25230,0
66298,6
34281,5
12390,3
22201,0
40296,6
66897,6
18052,1
97039,0
27995,1
65723,6
1170,6
18456,3
32507,0
38634,6
73664,5
81044,7
12546,5
5011,6
28651,0
45210,4
27454,6
84756,1
61647,3
49865,0
11888,3
46465,4
72672,6
17914,2
28831,1
11797,7
2289,2
34258,0
81994,5
90861,1
27036,6
43590,1
35366,3
9085,2
46686,7
94992,0
30579,4
41024,4
93970,0
88808,3
33481,2
29467,3
48866,2
87253,5
16057,5
98141,2
1338,3
43123,7
13835,7
1183,3
63717,4
12615,3
22610,5
44724,3
30745,2
44118,1
26052,3
43134,5
35920,4
25078,4
85200,7
85133,5
13070,2
18617,6
29849,1
15025,1
80741,3
26906,6
18952,4
92747,4
63895,7
36549,6
72564,0
15996,5
46826,7
9857,4
2075,1
7220,0
12411,0
77547,3
73535,7
4673,1
3162,2
37533,5
87864,6
24681,2
61371,5
17757,5
7014,0
99145,6
30460,1
37005,7
98527,2
43607,0
6157,7
1823,3
41058,4
98923,6
9377,2
69855,6
25824,7
24629,5
76812,1
24376,0
22073,6
36807,5
44345,1
98114,3
23027,1
2576,0
65335,7
16767,1
48830,3
1360,0
72669,7
12467,5
9165,0
44423,5
32802,7
16865,0
98311,0
48868,7
46139,1
24596,2
76897,6
17478,2
12196,3
42647,3
15039,6
95254,2
90946,4
67018,5
1435,0
68021,7
34845,4
32803,3
41795,0
90145,3
25719,6
40597,4
67095,0
39634,6
86305,6
22851,7
35804,3
8811,4
79283,6
17706,4
84258,3
33201,4
88157,0
15162,3
25205,2
4113,2
10778,2
89167,6
26341,6
65030,6
42726,3
81202,0
31498,7
8565,2
8299,0
14052,7
89048,6
65288,7
94338,0
37110,6
76537,7
15328,3
6813,0
91275,4
2669,4
24600,4
24650,6
21110,4
25606,1
48295,4
47941,5
1790,1
37046,5
18445,4
77557,5
3326,3
92625,0
45101,7
60157,3
35773,5
76660,0
22246,5
37751,7
31479,4
41343,5
19985,4
9731,0
45628,0
93278,0
32756,4
36929,0
82439,0
47798,4
49976,5
89686,6
27208,6
42875,0
41180,6
97482,2
90485,0
93845,7
29349,4
25286,0
74170,2
25697,2
92632,6
8965,1
98041,2
6825,1
18460,3
34631,1
21856,5
1811,0
42829,7
44923,7
18749,3
86532,1
49062,4
13781,0
33075,2
25747,1
93062,4
13373,7
93547,2
94981,3
22512,4
27428,4
3198,3
18925,0
6067,3
43952,4
29089,0
97565,4
91925,5
44663,5
13184,3
27095,7
73117,1
30267,6
86444,4
30249,4
21852,4
75697,5
33326,4
33111,6
86703,5
99263,6
97057,3
96437,6
47804,5
12426,2
42214,4
72253,4
35149,5
70756,5
5398,4
36147,3
71630,6
79173,7
43815,2
36215,6
49276,3
97564,2
45947,5
37226,3
49740,3
83823,7
14299,6
3861,1
1199,0
41031,1
95834,6
63894,5
36353,1
97613,4
61695,0
27323,2
11472,1
32886,7
33757,4
38356,1
24775,5
28481,0
14078,5
25705,6
34335,2
17127,6
73345,0
23488,2
20853,3
11782,2
92909,5
18212,5
73045,1
96538,5
23779,5
76821,0
21434,2
35555,4
7707,4
62866,7
10105,7
16673,6
20257,6
94502,0
32037,3
26730,3
90086,2
6610,5
13946,2
67562,2
62223,5
9836,6
95250,0
71270,4
60006,2
36409,6
45215,5
68416,6
61636,6
38359,1
78639,3
25704,0
5700,0
86936,3
4120,6
27387,3
3926,1
32593,3
90807,0
79505,4
81874,1
64328,3
5859,4
1000,5
24656,2
24692,7
83940,0
37728,4
30008,3
45388,1
2609,7
77473,0
29939,1
46125,4
1467,5
36350,7
29860,5
24869,3
3420,2
86134,0
35544,7
22435,1
73571,5
45704,2
7068,3
97487,2
26779,3
156,6
23079,4
16293,7
87547,2
79244,6
3819,3
33175,3
34844,0
10991,0
36152,7
10475,1
19875,4
28948,0
38801,5
34677,0
22525,6
98419,5
62527,1
94539,5
15279,4
70297,4
12638,1
27220,6
34210,7
14510,7
11099,4
8960,2
35833,1
31959,2
30302,1
7764,3
76773,3
43107,6
37521,6
67158,1
13921,6
65317,2
48843,6
35671,6
38719,2
36928,6
94179,6
11020,6
38437,5
3730,1
40943,6
5631,1
19383,0
34301,0
42707,0
31874,3
22609,6
10003,4
24205,4
5926,1
63639,7
37363,3
14147,6
28946,2
66765,6
14430,5
2603,2
29778,6
37078,3
29827,7
74079,0
78279,3
20766,0
31031,6
96290,2
1475,4
68194,7
71875,4
6502,5
19892,4
41727,4
60547,7
83207,2
26587,1
49721,5
85028,4
44323,2
90294,4
2098,0
35042,2
1676,3
1120,5
43945,1
33694,1
25224,4
45818,7
42309,3
26860,5
69475,4
46531,5
16248,4
33671,6
38151,2
35212,6
34930,1
14114,5
3285,4
62683,0
74014,1
84292,1
26603,4
4681,7
27545,5
78140,3
40886,1
71477,4
40948,7
65889,4
91096,0
13261,7
18099,4
87332,7
86982,0
16431,3
36285,1
9972,2
7130,5
15668,6
27711,1
13482,3
18014,2
99759,2
49308,4
31352,4
66049,3
33134,5
6808,2
804,0
31094,3
8029,3
27011,2
5969,4
80065,5
8145,1
14364,6
98956,3
49785,6
46343,5
77291,3
20559,3
28903,0
1674,4
94845,6
79785,3
22926,6
35556,0
40055,4
30942,6
71511,3
82908,7
86950,4
18000,1
37296,7
65136,5
8762,7
63412,0
84250,3
27764,5
95648,4
85528,5
36708,6
71471,2
12997,2
98586,5
30210,4
93069,0
18795,1
28199,1
30405,7
73538,7
68826,6
23908,4
71164,3
24843,1
26517,6
9586,0
10630,4
34843,1
15798,1
37555,7
47278,0
14956,3
28753,7
97105,7
36259,4
11780,6
87087,6
31291,0
42597,0
6239,5
38855,1
38830,1
46750,3
10661,3
41697,6
42560,6
22972,0
20945,4
82693,7
35674,2
5,5
13564,3
17211,4
12920,4
19630,6
15026,2
19027,3
78700,4
84947,0
49702,6
17737,1
7340,1
46257,3
4449,2
95630,0
68038,1
9699,0
48130,0
1415,6
15116,5
27175,0
24566,1
91828,3
7602,2
6810,2
28219,2
745,2
88526,5
88982,2
77577,2
91797,4
80599,3
84910,2
32456,4
91145,0
31637,6
15333,3
38443,0
7079,4
34764,5
12016,0
3923,0
9118,5
31705,2
66157,3
76328,2
70813,5
44438,6
70410,4
62562,1
71871,7
30429,5
71656,2
803,2
1262,5
42249,5
19291,2
31866,3
72046,3
9021,5
15600,1
86239,6
4282,3
90610,1
21523,5
11620,4
83580,5
43283,2
19445,1
85866,7
34867,6
8932,3
88053,4
11558,6
8755,0
74361,2
2977,1
9072,0
3791,4
30031,1
91455,6
72929,3
70496,4
4776,5
26949,6
71263,2
36570,0
49828,2
90754,4
12985,2
21557,4
35940,4
13409,0
43804,1
20303,3
43143,7
21289,1
49523,0
47958,3
37076,0
77639,3
47740,5
29241,4
16747,1
48050,3
76707,0
3096,6
82172,1
39886,2
36376,2
11623,5
31003,0
26413,3
47294,5
19447,0
98557,4
23688,4
23760,5
39373,2
39990,4
21301,4
30113,1
26512,5
49518,0
31924,7
42559,4
69044,4
84855,4
16396,7
2650,0
25643,4
5947,4
14666,7
49211,0
27948,1
17380,0
64838,0
91218,4
16926,3
31884,3
99545,4
62936,5
30088,5
8211,0
46047,1
86196,1
79349,1
99175,3
15559,4
45914,6
74255,1
48609,0
7623,4
21319,4
92750,2
86161,0
1337,1
43685,3
45892,3
35083,0
22116,2
39428,4
28951,3
27046,3
4492,7
19984,3
98211,4
23618,7
19692,3
12925,4
3692,4
29975,2
64546,1
36590,3
98179,4
16639,4
44907,4
68853,7
22099,2
97529,2
24108,6
19140,2
28137,3
33751,2
37818,2
13787,2
48157,0
81270,4
70261,1
23286,0
7397,6
85162,2
83994,7
38221,6
28203,7
36281,5
24989,7
83252,6
16278,5
67838,0
4399,5
14077,5
39941,6
40215,1
13133,4
63787,4
42277,1
79678,5
32508,6
809,7
7676,6
70883,6
98964,6
7572,5
40882,6
94969,7
88580,3
64363,7
4745,2
30182,5
14019,1
33851,6
33224,1
13928,6
67302,5
7358,7
63119,6
10865,3
98282,0
87012,7
46165,1
49689,2
86552,7
2447,3
14401,6
7965,5
27849,3
10293,6
19932,5
98719,1
37335,2
20152,0
42061,0
29378,2
61985,6
24795,6
38751,0
19472,4
28511,0
19131,6
21961,7
46130,7
2157,2
83658,0
89070,5
45801,6
46655,7
71841,7
46752,0
21827,7
18318,2
36364,1
33849,6
48275,1
15401,4
85066,4
34181,7
11904,2
4179,0
66,6
18790,2
24562,5
14797,6
62875,2
129,4
14974,4
27353,0
94204,4
43284,0
8817,7
15691,6
63383,5
24729,6
87960,4
3070,5
48922,4
44632,7
61102,0
43164,3
2634,3
95070,1
34112,0
78290,1
8578,6
46225,3
16561,3
96210,2
18701,3
40952,5
86824,4
80148,6
35542,3
34986,3
14437,2
10933,1
31394,1
19728,3
37006,5
10979,4
80431,5
49574,1
91802,1
46472,3
24865,3
18784,6
32597,1
14330,2
80989,4
61860,3
67894,6
35204,2
1083,4
43967,5
40913,5
32854,1
27101,6
44132,4
69361,0
30041,7
35120,4
94670,7
96880,4
17796,6
84243,6
83793,6
9555,7
79159,4
18792,2
26401,6
84499,3
36443,2
6809,2
92693,1
42949,6
23619,2
12227,2
32535,6
28078,1
28920,3
33456,2
76431,2
47592,4
72896,7
99437,5
14127,6
26558,0
25026,3
21394,5
46652,2
67458,7
23624,5
368,3
77713,2
22169,5
71347,5
25468,3
35206,1
4994,5
989,5
8204,3
62199,1
8992,3
12875,7
29670,1
4733,7
38350,5
16884,2
1969,2
4778,2
84987,1
32371,3
17154,5
21371,6
8982,3
49524,0
95848,2
39637,3
39675,3
26437,5
4294,6
87019,2
95974,7
37451,6
36933,7
45309,3
61406,5
97773,3
41115,2
49629,7
93832,1
68911,3
47352,3
10397,4
17117,5
98978,7
92474,1
37531,3
14303,5
38422,5
23384,7
35853,2
2568,3
23062,1
47818,3
31510,5
48733,3
36792,1
5614,5
78766,3
24454,7
46970,5
23596,1
8092,1
7033,0
13337,4
11021,6
27598,2
81712,4
43593,7
71935,0
30990,1
44506,1
13536,5
37596,0
30925,3
87590,0
90090,3
65002,6
2782,6
948,4
9600,2
22328,5
69662,0
44341,2
26319,2
45212,4
45323,4
26764,2
78962,5
86338,2
99751,4
71166,0
70080,3
37963,7
6926,1
70148,7
25558,0
43766,6
36112,6
30886,7
97127,6
47422,1
46778,0
20349,3
32176,4
90494,3
10423,5
35169,3
38171,6
33873,2
5127,5
14873,5
72614,4
35745,1
87462,6
94941,0
17892,5
2125,0
3842,0
31898,6
26816,2
26167,5
92672,0
34480,7
75119,3
27371,1
65616,4
64712,6
14632,6
42682,3
39493,7
23484,4
48117,6
46693,1
20968,5
14318,2
23612,5
16622,5
46058,2
73877,4
71045,5
17675,3
67319,3
47522,0
26277,0
42068,4
48568,3
16183,3
28851,3
37543,2
26071,5
40855,4
89135,1
35961,2
41696,1
20662,6
25727,3
66243,2
78382,5
9772,5
94133,2
91133,2
35621,0
70942,5
35004,2
78566,6
42442,5
27336,3
93611,6
38834,5
76850,6
10640,5
24522,7
23604,1
71864,0
6843,6
25703,7
35281,5
64521,2
77983,3
40819,1
94125,5
1037,6
71706,3
16978,5
71492,7
13933,3
11792,4
67148,6
38032,0
42231,5
47324,5
49528,4
5336,1
9551,7
149,1
26771,1
94554,6
35685,0
4952,5
15368,2
32345,4
15473,6
21085,3
35146,7
1691,4
15258,3
33327,7
20368,4
43919,0
27105,6
74961,5
37259,5
82150,2
26912,4
10840,5
89154,7
6952,0
78164,1
33058,7
61701,5
48556,3
3899,5
19465,5
13142,0
24948,2
47475,3
61494,0
5122,3
33202,3
76319,4
60290,1
66621,0
99054,2
31537,2
82498,4
39003,6
27805,1
23018,0
4102,7
86169,0
18275,0
13616,7
92972,5
25155,1
72317,6
78058,6
10671,4
35461,0
43141,2
31155,0
89444,4
8865,1
77448,7
22971,3
16609,6
12121,5
12314,0
87058,6
32248,6
60640,2
23754,4
27331,6
26956,4
32407,1
77012,4
11047,1
90705,4
45643,2
92680,6
16541,2
91522,6
89337,4
45207,2
31752,4
11091,7
73802,7
23842,2
9339,5
17639,1
63422,0
23910,1
45535,6
15640,0
84645,7
22781,2
28335,3
42477,4
3074,1
24673,2
24901,4
40035,5
47412,4
25337,0
87639,4
4698,6
31863,2
20875,4
34506,3
36523,1
63771,2
22411,2
79407,6
34488,0
25725,0
36056,1
18956,7
78430,7
64337,3
26654,1
39699,7
7946,4
12057,0
39397,0
46176,4
4131,2
67878,3
14428,2
10350,3
24284,2
14790,5
64991,7
5058,1
25195,4
25480,0
23725,6
8947,4
99955,6
8624,0
39127,0
20457,7
89278,2
88642,7
68294,1
36530,3
89872,5
99553,6
23974,2
42213,4
64125,0
10898,3
3614,2
46018,7
32992,6
34905,0
12661,2
40636,3
8263,1
19612,3
1890,2
45806,2
31027,4
28049,4
21212,5
14094,3
34908,0
76380,3
48352,7
91396,0
93861,0
17401,6
34883,1
61843,6
18993,2
47772,7
35742,0
2545,5
64415,2
69838,4
38129,1
23580,4
40027,1
5818,6
33151,2
70716,5
46259,4
96986,7
14157,3
6312,2
11790,4
90694,5
32428,7
25687,3
91727,3
36035,2
74034,2
89369,0
31713,7
84138,3
36178,1
76676,2
26075,4
40041,2
11211,0
20271,6
12407,5
6581,4
3725,1
68386,7
93715,6
35578,1
23389,7
14914,7
79189,2
234,1
653,0
20645,2
98498,4
88907,3
30009,6
15500,2
20777,2
70183,7
98680,3
28658,3
71891,2
93145,7
74178,0
75855,0
98315,3
22080,6
10986,6
12481,2
29627,5
12478,0
47930,7
21583,3
3607,3
32753,6
4561,1
32201,4
31380,1
41421,3
27281,1
29582,7
69211,5
78177,7
20796,2
29144,3
40959,2
5575,0
76086,2
66447,3
35114,6
1257,7
29459,1
98649,5
29233,3
72173,7
26127,3
73970,6
90537,5
81576,7
83411,5
33621,0
30706,3
96295,2
42422,1
49262,3
32144,0
61389,3
48716,0
37092,0
83792,6
75904,3
64855,3
16160,6
3431,2
9833,2
70438,4
13983,2
25491,5
19116,3
16917,6
41549,3
76139,7
31007,3
34076,2
85651,1
93169,3
10026,5
2135,3
28783,4
27390,0
1219,0
9775,5
9812,5
82273,4
37289,0
31814,4
28236,3
70609,2
8804,6
35845,5
22777,5
75417,3
39992,6
96993,7
68350,7
83565,4
77438,1
48881,3
24575,3
30616,6
11994,6
65806,5
2429,2
23752,0
3932,0
79257,0
33140,2
585,0
8040,2
32741,0
46908,1
22487,3
2027,5
6761,0
16492,6
12932,7
23409,0
23628,3
21983,0
4019,1
84677,3
20920,6
27189,0
48474,6
44183,2
14264,7
90800,7
42017,6
76612,0
23187,1
4487,5
93963,2
14445,7
23442,2
90955,6
92100,1
27021,7
42981,3
45681,4
14667,0
6698,1
21482,3
66182,3
35767,2
75198,0
81729,0
88184,5
26468,6
89654,4
48501,6
43861,1
65450,1
64556,7
3473,6
67712,3
15477,3
15573,6
35024,0
42398,3
69643,3
46906,3
42751,7
13735,2
87623,5
88400,5
31846,1
93670,7
37021,1
173,0
10172,6
21491,2
21043,2
34643,5
12767,3
43459,6
38820,3
71248,6
16092,4
2415,5
44946,5
3756,4
41083,1
45934,6
23315,3
93474,1
48362,6
19878,0
36502,3
45588,6
1302,3
46728,3
21820,4
91867,4
99158,0
19920,0
16898,6
12405,5
76054,4
43810,5
25378,2
74990,1
16303,2
90551,0
49979,1
7827,4
61842,6
28748,7
13322,4
90803,2
7214,7
27307,7
83821,0
80013,5
11877,3
33808,1
21953,7
9907,3
15900,2
80419,3
32035,2
6817,0
85085,5
79800,0
29286,5
93760,5
97601,1
20188,4
81500,3
33783,1
24965,5
21198,1
82868,5
32385,0
80079,1
48386,1
67092,3
1608,2
49664,2
28778,6
88057,5
163,3
62727,0
19544,4
42461,4
6193,4
350,2
17651,7
12352,6
41508,0
70466,6
43915,6
40185,1
94961,5
87974,2
21561,0
14505,1
46846,5
41949,0
5511,4
14021,7
72268,0
38295,0
88783,6
800,2
1677,0
76136,6
82356,4
39153,3
42845,1
78989,2
41808,3
84516,4
70637,0
48735,0
74273,4
2547,4
70260,4
20079,4
63798,5
29761,6
29851,1
68434,6
71328,2
48708,1
40355,4
35664,7
36644,3
2712,2
14560,5
27646,6
19583,4
30982,4
73358,3
83776,6
91898,6
20887,5
11199,5
18885,4
25095,0
37391,2
35543,1
47394,3
65614,3
16934,0
24091,2
